cluster,Eastern,Southern,Western
Eastern,0.0,0.050522945299964164,0.05251648008861527
Southern,0.050522945299964164,0.0,0.0022228017685508327
Western,0.05251648008861527,0.0022228017685508327,0.0
