檢定,假設,χ²統計量,自由度,p值,Cramér's V,效果解釋,結論
卡方檢定,H1: 文化圈影響守法選擇,191.12040217512916,2,3.153058134359398e-42,0.0319586760173735,可忽略,顯著
