文化圈,Cluster,守法選擇率,百分比
Western,0,0.22126104788862572,22.1%
Eastern,1,0.27140516181892665,27.1%
Southern,2,0.22418358340688438,22.4%
