比較,LRT_χ²,df,p值,AIC_base,AIC_interaction,AIC_improvement,顯著
Base vs Interaction Model,2.4394892956479453,1,0.11831474013232224,168048.48147206247,168048.04198276682,0.43948929564794526,
