交互作用項,係數,標準誤,z值,p值,Odds_Ratio,顯著
age_centered_x_religious_centered,0.003248903577838566,0.0020769968497427235,1.5642313459652122,0.11776324833658335,1.0032541869852787,False
