log_likelihood,aic,bic,pseudo_r2_mcfadden,n_obs,df_model,df_resid
-84018.24073603124,168048.48147206247,-1714803.6140099787,0.002010147605295942,157352,5,157346
