chi2,dof,p_value,good_fit
12.51897038907805,8,0.1295071243745637,True
