class,utilitarian_score,deontology_score,consistency_score,n_scenarios,n_users,percentage,class_name
0,1.0,0.0,1.0,1.0638149232877447,37217,53.8,強效益主義者
1,0.0,1.0,1.0,1.0602120094811693,30376,43.9,強義務論者
2,0.5,0.5,0.5,2.005536332179931,1445,2.1,中間派
3,0.6666666666666666,0.3333333333333333,0.5285954792089683,3.0,44,0.1,中間派
4,0.3298611111111111,0.6701388888888888,0.5303750692176553,3.1944444444444446,36,0.1,中間派
5,0.75,0.25,0.5669872981077807,4.0,2,0.0,強效益主義者
